{
    "providers": [
        {
            "type": "bitmap",
            "file": "minecraft:font/logo.png",
            "ascent": 15,
            "height": 30,
            "chars": [
                "\u24BA"
            ]
        },
        {
            "type": "bitmap",
            "file": "minecraft:font/elian.png",
            "ascent": 9,
            "height": 10,
            "chars": [
                "\u2699"
            ]
        },
        {
            "type": "bitmap",
            "file": "minecraft:font/laik.png",
            "ascent": 9,
            "height": 10,
            "chars": [
                "\u2795"
            ]
        },
        {
            "type": "bitmap",
            "file": "minecraft:font/gde.png",
            "ascent": 9,
            "height": 10,
            "chars": [
                "\u2754"
            ]
        },
        {
            "type": "bitmap",
            "file": "minecraft:font/son-nacializirovat.png",
            "ascent": 9,
            "height": 10,
            "chars": [
                "\u262D"
            ]
        },
        {
            "type": "bitmap",
            "file": "minecraft:font/facepalm.png",
            "ascent": 9,
            "height": 10,
            "chars": [
                "\u2755"
            ]
        },
        {
            "type": "bitmap",
            "file": "minecraft:font/son-stroit.png",
            "ascent": 9,
            "height": 10,
            "chars": [
                "\u26EB"
            ]
        },
        {
            "type": "bitmap",
            "file": "minecraft:font/spizjeno.png",
            "ascent": 9,
            "height": 10,
            "chars": [
                "\u26E3"
            ]
        },
        {
            "type": "bitmap",
            "file": "minecraft:font/vosheshenie.png",
            "ascent": 9,
            "height": 10,
            "chars": [
                "\u269C"
            ]
        }
    ]
}